﻿MİRAÇ;ÖZTÜRK
YÜCEL;YÜZBAŞIOĞLU
KUBİLAY;VURAL
HAYATİ;YÜCEL
BEDRİYE;SÖNMEZ
BİRSEN;ERTEKİN
SERDAL;DEDE
BÜNYAMİN;UYANIK
ÖZGÜR;ASLAN
FERDİ;AKBULUT
REYHAN;ORHON
İLHAN;UZ
GÜLŞAH;YAVUZ
NALAN;ERDEM
SEMİH;KULAÇ
ERGÜN;KAYA
FATİH;SELVİ
ŞENAY;AKPINAR
MAHMUT;ÇEVİK
MANSUR;ERKURAN
GAMZE;TÜTEN
MİRAÇ;ÖZTÜRK
YÜCEL;YÜZBAŞIOĞLU
KUBİLAY;VURAL
HAYATİ;YÜCEL
BEDRİYE;SÖNMEZ
BİRSEN;ERTEKİN
SERDAL;DEDE
BÜNYAMİN;UYANIK
ÖZGÜR;ASLAN
FERDİ;AKBULUT
REYHAN;ORHON
İLHAN;UZ
GÜLŞAH;YAVUZ
NALAN;ERDEM
SEMİH;KULAÇ
ERGÜN;KAYA
FATİH;SELVİ
ŞENAY;AKPINAR
MAHMUT;ÇEVİK
MANSUR;ERKURAN
GAMZE;TÜTEN
MİRAÇ;ÖZTÜRK
YÜCEL;YÜZBAŞIOĞLU
KUBİLAY;VURAL
HAYATİ;YÜCEL
BEDRİYE;SÖNMEZ
BİRSEN;ERTEKİN
SERDAL;DEDE
BÜNYAMİN;UYANIK
ÖZGÜR;ASLAN
FERDİ;AKBULUT
REYHAN;ORHON
İLHAN;UZ
GÜLŞAH;YAVUZ
NALAN;ERDEM
SEMİH;KULAÇ
ERGÜN;KAYA
FATİH;SELVİ
ŞENAY;AKPINAR
MAHMUT;ÇEVİK
MANSUR;ERKURAN
GAMZE;TÜTEN
MİRAÇ;ÖZTÜRK
YÜCEL;YÜZBAŞIOĞLU
KUBİLAY;VURAL
HAYATİ;YÜCEL
BEDRİYE;SÖNMEZ
BİRSEN;ERTEKİN
SERDAL;DEDE
BÜNYAMİN;UYANIK
ÖZGÜR;ASLAN
FERDİ;AKBULUT
REYHAN;ORHON
İLHAN;UZ
GÜLŞAH;YAVUZ
NALAN;ERDEM
SEMİH;KULAÇ
ERGÜN;KAYA
FATİH;SELVİ
ŞENAY;AKPINAR
MAHMUT;ÇEVİK
MANSUR;ERKURAN
GAMZE;TÜTEN
MİRAÇ;ÖZTÜRK
YÜCEL;YÜZBAŞIOĞLU
KUBİLAY;VURAL
HAYATİ;YÜCEL
BEDRİYE;SÖNMEZ
BİRSEN;ERTEKİN
SEHER;YILMAZ
SEDA;KAYMAN
ESRA;ÇETİN
EVREN;YEŞİLDAĞER
NİLÜFER;YÜKSEL
MURAT;KAYAOĞLU
YUSUF;KILIÇ
MUSTAFA;CELTEMEN
GÜNEŞ;GÜNDÜZ
FATİH;ŞANLIKAN
MEHMET;ÇELİK
ORHAN;ORHAN
PINAR;TANTEKİN
ERHAN;KARAALP
GÜLDEN;TUNCER
LATİFE;ATASOY
SİBEL;DOĞAN
FATMA;GÖK
HALİS;ÖZDEMİR
YELDA;ÖZKAN
ZEHRA;ONAR
MEHMET;ASOĞLU
EMCED;KHALİL
OKAN;YURDAKÖK
ABDULLAH;YILMAZ
ÖZLEM;KESKİN
AYDEMİR;KOÇARSLAN
FATİH;GÖKALP
AYDIN;TUNÇAY
BENGÜHAN;SÜRMEN
AHMET;AYDIN
TOLUNAY;SEVİNGİL
TUĞRA;GENÇPINAR
ÖZGÜR;AKKAYA
YUSUF;KUSERLİ
ÖNDER;BOZKURT
BARAN;ŞİMŞEK
SEYHAN;YILMAZ
ZEKİ;TALAS
KADİR;ÇEVİKER
MURAT;KAYNAK
İHSAN;BAYRAKTAR
DEMİR;ÇETİNTAŞ
MUHAMMET;CANTÜRK
MUHAMMED;KARADENİZ
BAHADIR;ALAN
İLHAN;KOYUNCU
YILDIRIM;KARTAL
OĞUZ;KAYA
EFTAL;BAKIRCI
GÖKAY;NAR
FATİH;ULUSOY
NURAN;CELİLOĞLU
HABİL;YÜCEL
ÖMER;DUMAN
SELMA;AKDENİZ
NURETTİN;YERAL
AHMET;GÜRDAL
UTKU;KÜTÜK
SÜLEYMAN;KANYILMAZ
CAN;ÖZBEK
ONUR;UYSAL
FİLİZ;AKIN
CANSU;AKDENİZ
ABDULLAH;KAPLAN
NESLİHAN;ALBAYRAK
SEDA;YILDIRIM
KÜBRA;MÜEZZİNOĞLU
HÜSEYİN;AYHAN
BELMA;UYGUR
MÜCAHİT;TÜFENK
CEYHUN;YÜCEL
GÜLTEKİN;DEMİR
HANDE;ÖZDEMİR
GÜLHANIM;KIRIŞ
ÖMER;KIRASLAN
ZİYA;SALTÜRK
ÇAĞRI;AÇIKGÖZ
SERKAN;YAĞCI
LEVENT;SEVÜK
İSA;KAYA
CEM;DOĞAN
HÜSEYİN;YILDIZ
CEMİLE;BAYTAN
MAHMUT;DEMİRTAŞ
ÖNDER;MUTLU
RAŞAN;GENÇ
İSMAİL;AKTUĞ
ÖMER;SERİN
KENAN;TUNCAY
EMRE;GÜNBEY
SERDAR;KAYA
SONER;TAŞAR
ENVER;AVSEREN
MUHLİS;BAL
TİMUR;BATMAZ
LEMAN;VEZİROĞLU
ELA;ARAZ
CEMİL;GÜLER
BURCU;DALYAN
SALİHA;KARADAĞ
ZELİHA;BAŞTÜRK
ALEVTİNA;ERSOY
ARZU;TAY
MEHMET;ERYILMAZ
BİREYLÜL;DEMİR
AYSEL;AYDIN
ÖZGÜL;OCAK
SIDIKA;BÖLÜK
TUNA;ÖZMEN
ÖVGÜ;ÖZTÜRKERİ
EMİŞ;EKEN
NİLGÜN;AKGÜL
ELİF;SARICA
SEBİHA;CANSEVER
YUSUF;AKIN
IŞIL;GÜZEL
AYŞEGÜL;ÖZER
TÜMAY;ÇAKIR
ZERİN;AKSUN
MEHMET;BALAL
FATMA;BAYAM
AHMET;ŞAİR
NEVROZ;ÜNLÜ
SEMA;YUMURTAŞ
GAMZE;AKGÜL
FATMA;AYKAN
MELTEM;ALPSAN
SELMA;CANATAN
İBRAHİM;MUMCUOĞLU
ASLIHAN;TAŞKIRAN
FİLİZ;HATİPOĞLU
BİLGİ;AKYOL
TUĞBA;SUCAK
HÜSEYİN;YILDIZ
EVREN;AKPINAR
FERDİ;GÖKSEL
BURÇİN;KARSLI
BARIŞ;ÖZGÜROL
BAVER;ACAR
MAHMUT;KALEM
EMRAH;ŞAHİN
MURAT;AYDIN
MEHMET;DÖKMECİ
GÖKAY;GÖRMELİ
NECİP;ÖZATEŞ
ERKAN;SERVET
ÜMİT;TOPRAK
GANİM;SÜNER
BARAN;SARIKAYA
FATİH;SULUOVA
SANCAR;SERBEST
MUSTAFA;EFE
DURAN;TOPAK
HASAN;ATBİNİCİ
GÖRKEM;KIYAK
ALİ;ÇELİK
VELİ;ÖZ
İRFAN;TEPE
SEYFİ;ÖZÜAK
CÜNEYT;ÖNCEL
ALİ;CANBAZ
FIRAT;AL
MUHAMMED;DEMİR
BURAK;GÜRER
MUSTAFA;GÜNGÖR
NİZAMETTİN;GÜZEL
RECEP;GÖNCÜ
ARZU;ÖZDAMAR
MAHMUT;KARATOPRAK
GÜNAY;ÇAVDAR
BESTE;KARA
CEM;ÖZ
EMRAH;SÖZEN
HALİL;GÖKÇEK
ESEN;KARAKAYA
MELİKE;GÜNGÖR
MÜRSEL;ÇEPNİ
KORAY;KIR
UMUT;ERSOY
İBRAHİM;ÇAĞLAR
BURHAN;ÖZALP
MUSTAFA;EVRENOS
SERDAR;BAYRAKTAROĞLU
FUAT;USLUSOY
ELİF;SARI
SİBEL;ATALAY
ADEM;TOPKARA
CEM;BEKTAŞ
GÖKTEKİN;TENEKECİ
DİLARA;ÇAĞIL
SEDA;MERTOL
CUMHUR;TAŞ
HALUK;HIDIROĞLU
PINAR;ŞEN
AYKUT;KARAHAN
ÖYKÜ;ÖNAL
BAŞAK;DEMİREL
ÖMER;YACI
SERHAN;IŞIKLI
SULTAN;KILIÇ
MİNE;ÜLGEN
SUAT;KÜÇÜKGÖNCÜ
ÇİĞDEM;SU
HANDE;KOÇAR
UMUT;BALOĞLU
EVRİM;DUMAN
DİCLE;ASLAN
İREM;SARICANBAZ
FATMA;SERT
İLKNUR;ALTUN
CEMİLE;GÖRMELİ
FEYZA;YILMAZ
MUAMMER;AKYOL
EBRU;ÖZAN
DİNÇER;AKYILMAZ
AYŞE;BAKAN
PINAR;KARAKAN
SÜREYYA;GÖRKEM
MARİA;CILIZ
SEÇİL;KARACAN
BARIŞ;TEN
ŞAHİNDE;ATLANOĞLU
MEHMET;ÖZTÜRK
NEVRİYE;TOPALOĞLU
NİLAY;SOYDAN
RÜŞTÜ;TÜRKAY
ASLI;MENTEŞ
TANSU;PINARBAŞILI
ASLIHAN;ONAY
NURCAN;CERİT
DEMET;ÜNAL
ERDEM;ALTUN
BETÜL;YILDIZ
ÇETİN;İMAMOĞLU
PINAR;ÖZDEMİR
RASİM;YANMAZ
AHMET;BÜBER
ZEHRA;AKKAYA
SELİM;BAKAN
DENİZ;TAŞMALI
MESUT;BULAKÇI
AYSEL;BAYRAM
MÜMÜNE;AYDIN
DUÇEM;GERGER
YAKUP;YEŞİLKAYA
ERCAN;DÖNMEZ
MEHMET;YILMABAŞAR
ATİLLA;DİKİCİ
MERAL;ARİFOĞLU
NURDAN;FİDAN
SEÇİL;SAKARYA
ELİF;ÖZEN
HASAN;ONAN
NİLAY;AKHUN
HİLAL;KIR
MUSTAFA;ŞAHİN
ŞEYMA;SU
MÜJDAT;YAZICI
BURCU;GÜRDEMİR
ARİF;ALTINSOY
AYŞE;KALYONCU
HACİ;ŞAŞMAZ
IŞIK;GÜLCAN
SERAY;KURT
SERHAT;ÖZTÜRK
EMİN;ULUTAŞ
ÇAVLAN;ALTUNA
ŞEREF;GÜREL
KADİR;KARAKUŞ
MÜBERRA;KILIÇ
AYŞE;ÖZKIRIŞ
HASAN;KAYA
SAVAŞ;YILMAZ
AYŞE;İNCİ
SÜLEYMAN;DEMİR
DUYGU;AKBAŞ
HACI;EREN
MEHTAP;BİCAN
ERKAN;AYDIN
SEMİNE;ÖZDOĞAN
ELİF;ATEŞ
RAMAZAN;KÖKSAL
AHMET;SARGIN
SERKAN;AKKOYUNLU
DENİZ;ŞİMŞEK
MİNE;ÖZTÜRK
FATİH;KAYHAN
İREM;TEZER
ENDER;KARACAN
YASEMİN;ÇAKIR
SEMA;UYSAL
MUSTAFA;GÜRAKAN
ALİ;DOKUMACIOĞLU
EMİNE;KIRHAN
TÜLAY;ÖZDEMİR
BİRSEN;KAYA
GÜLSEN;GÜL
TUBA;ESEN
HAYRİYE;AK
BAHADIR;EKER
SEZEN;ÖZAVCI
EDİP;ÇEKİÇ
MEHTAP;SAVRAN
FİLİZ;GÖKALP
EYLEM;GÖKMEYDAN
RAMAZAN;EMRE
BİLGİN;KÜTÜKCÜ
ESRA;DİKOĞLU
ATİYE;AKSOY
METİN;GÖRENEKLİ
ÖZLEM;KOCA
OSMAN;KILINÇ
AYŞE;BATGİ
HİLAL;TÜRKMEN
YAVUZ;OKULU
ÖZLEM;KİRİŞCİ
AYŞE;DEDE
MUSTAFA;KIZMAZ
ASUMAN;ARGON
ÖMER;ALICI
ŞENAY;ARIKAN
GÜLNAME;FINDIK
ÖZLEM;ÜÇER
BETÜL;ÜNAL
EMİNE;YILMAZ
ZELİHA;ÇETİN
ESİN;ERGÖZ
FİLİZ;FİLİZ
ULAŞ;ALABALIK
HALE;KIZANOĞLU
ADEM;YAŞAR
İLKER;ÇELEN
ERHAN;DEMİRELLİ
FARUK;DOĞAN
İBRAHİM;DÖNMEZ
SERKAN;AKDEMİR
MAHMUT;DANIŞOĞLU
ERAY;GÜRSOY
OKTAY;ŞENER
DENİZ;ABAT
OSMAN;ERGÜN
İZZET;ÇİÇEKBİLEK
İHSAN;ÜNÜŞ
URAL;OĞUZ
ARİF;KOL
AZİZ;TOKER
FUAT;SU
HAKAN;POLAT
MUZAFFER;KELEŞ
MAHİR;SEYREK
TAYYAR;ÖZKAN
EREM;ASİL
CİHAN;TOKTAŞ
MEHMET;ARDIÇ
ÜMİT;ÖZDEMİR
MEHMET;SÖZEN
YASEMİN;ÇOBANYILDIZI
CEYDA;MÜFTÜOĞLU
FATIMA;YEGEN
NİLAY;AKSOY
HURİYE;AKYOL
MERVE;OFLAZ
ŞEYMA;KARAOĞLANOĞLU
SELAHATTİN;AYAS
İLKER;KARKIN
ÖMER;BİLİCİ
SÜLEYMAN;ALBAŞ
TAYFUN;GÜNDÜZ
ESER;TURAN
MEHMET;DEMİR
İSMAİL;BAYRAKÇI
ABDULLAH;DÖNMEZ
MURAT;GÜRSOY
MUSTAFA;ÖZER
AYDOĞAN;AŞKIN
HAMDİYE;KASAPOĞLU
KERİME;SARI
MELAHAT;YALÇIN
UYSAN;ÖZTÜRK
EMRAH;BARIŞAN
HAYRİ;ARDA
MURAT;BARDAKÇI
HÜSEYİN;ULU
SELİM;KIVRAK
ZEKERİYA;BULUT
FATİH;KILAVUZ
DERYA;TAN
NEVAL;CANDAN
SEZER;EŞFER
ÖZGE;KARAKULAK
HATİKE;BABAYİĞİT
ÖZGÜR;BARAN
ŞAFAK;ÖZYÖRÜK
AHMET;DENİZ
ÖZDEN;ÖZDEN
OKAN;KARAPIÇAK
RAZİYE;ÖZDEMİR
MAHMUT;SERT
LALE;SAKA
EYÜP;YILMAZ
DERYA;NASUHBEYOĞLU
SELAHATTİN;İPLİKÇİ
ZEKİ;ÖZEK
HÜSEYİN;KAYA
MELEK;AYYILDIZ
BİNNUR;POLAT
ONUR;ÇELİKTEN
ERKİN;SERTOĞLU
MURAT;SARAYLI
ERHAN;KILIÇOĞLU
BURAK;SEZEN
AYŞE;KOCABIYIK
NUMAN;ATILGAN
ÖZLEM;DARAMAN
ÜZEYİR;ÇİMEN
CAN;KESKİN
MUSTAFA;ALTAŞ
KORHAN;YAVUZ
ALPER;GÖKGÜL
FUNDA;KAHRAMAN
HAMZA;GÜNGÖRMEZ
MUSTAFA;TAŞDELEN
YUSUF;EMELİ
MELİKE;KILIÇ
ŞÜKRÜ;SINICI
KASIM;BULUT
GÖKSEL;GÖKTAŞ
HİKMET;BAŞAR
ASIM;KOÇ
ÜMRAN;ÜNAL
TEKİN;TÜRKSOY
MURAT;BAYRAK
HACER;SEVİNÇ
BERAY;ÇOKER
HANIM;KUMBUL
EDA;ÖZATA
NURAY;SEYREKOĞLU
ÖMER;BOLATTÜRK
FERHAT;DİRİCAN
OĞUZ;YILMAZ
BENGÜ;TÜREMENOĞULLARI
AHMET;AYDEMİR
PINAR;DEMİR
EMRE;APAYDIN
KÜBRA;DEMİR
SELÇUK;YILMAZ
ŞENOL;DENİZ
ORHAN;KOYUNCU
MÜMÜN;SAĞCAN
MURAT;EVMEZ
MERT;AKBULUT
KADİR;KÖKSAL
KAAN;KARA
ERCAN;ÖZCAN
GÖKHAN;DEMİREL
DENİZ;TİKİCİ
CİHAN;TOMBUL
CEM;ÇİMEN
ALİŞAN;ÇİFTCİ
ALİ;KELERCİOĞLU
ABİDE;BÜYÜKKAL
YUSUF;BAL
ÖMER;KOÇ
SERDAR;AÇAR
YÜKSEL;KARADAVUT
AHMET;DEMİRTAŞ
MAHMUT;ÖZEL
BURAK;DUMLUDAĞ
YASEMİN;AĞCA
İBRAHİM;AKGÜL
MUSTAFA;BAYRAM
BİLGE;BEKLER
AHMET;CEYLAN
SEHER;KOÇER
MEHMET;OKUR
SAMET;GENEZ
SAMET;KAYA
ŞULE;KILINÇ
SELİM;GÖRMÜŞ
KADİR;DOĞAN
CAHİT;ÖZLÜ
HAYRUNNİSA;YILDIZ
UĞUR;PULAT
RESUL;SOBAY
MUSTAFA;COŞKUNER
İSHAK;PEYNİRCİ
ESRA;CAN
SANEM;KILINÇ
EZGİ;ÇİÇEK
MUSTAFA;ORAL
OĞUZ;İNCEOĞLU
ESMA;KAYA
ÖMER;SÜMER
MEHMET;DUYAN
OSMAN;KARAMEŞE
AHMET;KAPAR
NAİL;PAKSOY
İREM;KALIPCI
ELA;DÜZCE
BAHRİ;ÖZTAŞ
ALİ;YILDIRIM
ADEM;ÇELİK
MEHMET;BİÇER
BAYRAM;CANDAN
HALİL;GÜLBAHAR
KÜBRA;TURAN
SEFA;ŞAHİN
MEHTAP;DOĞAN
FATİH;ŞAHİN
BERKAN;DÜZGÜN
HÜSEYİN;ŞENCAN
VOLKAN;AKTEMUR
ŞEBNEM;ÖZMEN
TUBA;TOY
AYHAN;KARADURAK
ENNUR;AKTÜRK
ALİ;ÖZKAYNAR
FATİH;GÜNEYSU
GÖZDE;AYDIN
SEVİL;FİŞEKCİ
EDA;ESKİMEZ
HATİCE;ŞANLIER
ZARİFE;SELVAN
BURAK;YÜREK
İREM;EREL
KÜBRA;TÜRKAY
EMİNE;UTLU
DİLEK;YILMAZ
TUBA;VURAL
HALİL;YILDIRIM
ESER;ÖRDEK
EBUBEKİR;KULAKSIZ
MEHMET;COŞKUN
BURCU;FİLİZAY
AYŞEGÜL;HASSAN
DERYA;YAMAN
ÇAĞLA;GÖÇEN
KADİR;GÖZÜGÜL
BURAK;SÖNMEZER
MELİKE;TAŞKIRAN
BAYRAM;GÜNEBAKAN
AYŞEGÜL;OCAK
TUĞBA;BİRİ
MEHMET;YILMAZ
ELİF;KAYA
TÜRKER;GÜVEN
SEMİH;GÜNEYSU
HATİCE;GÜZELKÜÇÜK
CANSU;ATBAŞ
SERHAT;SEYHAN
TANER;DOĞAN
İDRİS;AKKAŞ
SEVİNÇ;DİL
FERİDE;GÜVEN
EVREN;DENİZ
TUĞBA;BALTACI
MUHAMMED;ÇİÇEK
HİLAL;SEVEN
DİLEK;TAN
NAZLI;BARAN
ŞİFA;POSTALLI
GÜLÇİN;BULUT
KEZBAN;ARMAĞAN
YELDA;SOLUK
SEDA;BAL
CEYLAN;KAYA
BURAK;TÜRKAY
UĞUR;CORUT
ŞEYMA;ÜNÜVAR
SELMA;ATAY
EMRE;KIRAÇ
MUHAMMED;AKOVA
AHMET;IŞIK
HASAN;ÖZEN
RUKİYE;TOPALKARA
ADİL;BOZPOLAT
MUSTAFA;SEVER
MUSTAFA;GEDİKLİ
METİN;ŞAHAN
CEREN;KUŞAKÇI
SÜLEYMAN;MANAV
MELİKE;KARABULUT
TUĞBA;AKBAŞ
ÇAĞRI;CANBOLAT
BURHANETTİN;ŞAHİN
İBRAHİM;KARADAĞ
YUNUS;BABA
KADİR;EFE
MEHMET;SARI
İLKER;SERTKAYAOĞLU
GÖKHAN;UÇAR
KEMAL;ZEYLİ
AHMET;YILMAZ
ZEHRA;YENİLMEZ
AZİZ;KURTULUŞ
İSA;ÖRENÇ
GÖKHAN;AKGÜL
BARIŞ;ÖZGÜR
MEHMET;ÇİNPOLAT
ASİYE;KUŞ
ZEYNEP;DURSUN
YÜKSEL;YARADILMIŞ
VOLKAN;GELEGEN
UFUK;ÖLKER
TUĞBA;KARA
SELİM;GÜLŞAN
SELÇUK;KAPLAN
SALİHA;ÖZTOPRAK
ÖZKAN;ÖZMUK
ÖVÜNÇ;KAVUKOĞLU
OSMAN;KINDIR
NUR;KEMİK
MUHAMMED;SÖKMEN
MEHMET;KAYRA
MEHMET;İPEK
MEHMET;MERCAN
LEYLA;KEVKİR
İZZETTİN;HAMDEMİRCİ
İSMAİL;YILMAZ
İSMAİL;EROĞLU
İHSAN;KARAKAYA
İBRAHİM;ŞAHİN
HİLAL;ERAT
HAYRİYE;TANİN
GİZEM;YEL
ESİN;TAŞTEKİN
ERCAN;ATİLLA
ENES;OZAN
DİDEM;KARADUMAN
DENİZ;TAZEOĞLU
BUĞRA;DURMUŞ
BİLGİN;AZRAK
ALİ;ERZURUM
ALİ;KARADEMİR
ADEM;MELEKOĞLU
ADEM;HALİS
IŞIL;CANDANER
YUSUF;ALTUNÖZ
MUSTAFA;GAZİ
HÜSEYİN;ARSLAN
EZEL;İNSELÖZ
EMİNE;KOCA
ELİF;YEŞİLKAYA
AYŞE;ÜNAL
DEMET;TAŞ
DİDEM;UYSAL
ESER;DEVECİ
AYŞE;ACAR
HACER;SİL
FERAT;ÜNGÜR
ZEYNEP;KÜTÜKOĞLU
KIYMET;EROĞLU
ASLAN;ERDOĞAN
ALİ;TUNÇ
GİZEM;GÜMÜRDÜ
CUMA;KASKALAN
MEHTAP;OLCAR
HAMDİ;ÇAKMAK
ORHAN;ALBAY
NURİ;AYDIN
SEMRA;DOĞAN
ÖKKEŞ;ALBEN
VEYSEL;AVCI
ŞERİFE;AK
MEHMET;ÖZBEK
MEHMET;TEMURTAŞ
TOLGA;TURAN
OĞUZHAN;ÜÇGÜL
MUSTAFA;EKİNCİ
MAHSUM;ERDOĞMUŞ
İSMAİL;ALTAŞ
MEHMET;KAÇIRA
PERVİN;KANKILIÇ
MURAT;OYNAK
SALİM;YAKUT
YUNUS;BERENT
VEYSEL;SUZAN
ÖMER;KARDAŞ
AHMET;KAYA
AYDIN;ASLAN
ABDULKADİR;KANKILIÇ
AHMET;YILMAZ
AYŞEGÜL;ÜZEN
AZİZ;GÜLLÜ
ABDULLAH;SERT
ABDULLAH;DEMİRER
YILDIRIM;ÇAKMAK
AYŞEGÜL;TEL
İBRAHİM;AKBUDAK
SİBEL;KAPÇAK
MUZAFFER;KARADENİZ
MUHAMMED;DEMİR
HAMZA;ÖZSAYIM
HAKAN;ÇETİN
NESRİN;DİLMEN
EMRAH;BAŞAK
KEZİBAN;ISSI
MEHMET;TURĞUT
MELİKE;ÇELİK
BURHAN;ÇOBAN
CEVAHİR;SUVARİ
CİHAN;AKAY
EMRAH;YEŞİL
MEHMET;ÇELİK
FATİH;YILDIZ
MAHMUT;BARAN
FATİH;HOŞER
DAVUT;SAYIN
EDA;TAYFUR
ÖMER;SABAZ
PELİN;AVCU
SALİH;SUBARİ
YUSUF;ÖZDEMİR
ZERİN;YAKUT
ÖZKAN;YÜKSELMİŞ
YUSUF;ESEN
UMUT;BAKAY
EMRAH;ÇİÇEK
ŞEYHMUS;YAVUZ
MERT;YILDIRIM
MUKADDES;HÜSEYNİ
HAZAN;CAN
HALİM;GÜLER
MEHMET;İZGİ
AYCAN;YILDIZ
CEMİL;AKTAN
BERNA;DÜZEL
AHMET;DEĞİRMENCİ
HÜSEYİN;TOKAR
ERKAN;ÇEÇEN
HAKAN;ÖZTÜRK
BAYRAM;BURULDAY
RUMEYSA;ÇETİNKAYA
ÇİLE;ZENGİN
VEYSİ;KARAKUŞ
ZUHAL;KAYAALP
YÜCEL;KARDAŞ
ESMERALDA;ÇOBAN
NİLÜFER;YALÇIN
BURÇHAN;SÖZER
VOLKAN;SAVAŞ
SELCEN;ÖZER
MUSTAFA;KURALAY
HATİCE;KILINÇ
BURCU;ARACI
AHMET;ALP
BÜLENT;ALIM
MÜCADİYE;YÖRÜK
SONGÜL;YAVUZ
IŞIK;TAŞ
MEHMET;SEZGİN
AYHAN;LEVENT
SERDAR;KARAKAŞ
ERKAN;FİLİZ
EMRAH;DADALI
ERDAL;AYDEMİR
RAHİME;ARIKBOĞA
GÜLDEN;AKYÜREK
İHSAN;GÜNDÜZ
ABDUL;GENCAN
ÖZTAN;YILDIZ
ŞENOL;KITAY
MEHMET;KORKUT
İSMAİL;İVACIK
BORA;YILMAZ
HAMZA;ÇATUK
SEDA;KARAKOYUNLU
FATİH;CİNBİZ
UĞUR;CAMGÖZ
KEMAL;BAŞDAŞ
ADİL;HAKYOL
MAZLUM;KILIÇ
CEM;ŞEN
VOLKAN;VAROL
MUHAMMED;SAĞ
ERDEM;ÜRÜN
FATMA;COŞKUN
HATİCE;BERBER
MEHMET;ERDOĞAN
ATACAN;AKMEŞE
FATMA;GÖKCE
ŞADİ;SEVİNÇ
GÜLCAN;ŞAHİN
MERYEM;HEYBET
KAMERCAN;CEYLAN
ESRA;KURT
ŞERİFE;KARABULUT
ZEHRA;BABADAĞI
VAZİR;ŞİRZAİ
ZEYNEP;ERTÜRK
ALİ;KADAK
MURAT;ALTIN
UTKU;PARLAK
SAİD;CEBECİ
İRFAN;GÖKÇEK
HALİME;BAYANA
ÜMMÜ;BEKAR
ŞAFAK;DEMİRTAŞ
BETÜL;EROĞLU
BAŞAK;VURGAN
ZEYNEP;KURTPINAR
VASFİYE;EROĞLU
ERDEM;BAĞCI
İBRAHİM;YAZICI
AYŞE;SARIÇİÇEK
MEHMET;TIRAŞ
FATMA;ÇİTİL
EMEL;OĞUZ
ADEM;KARA
ESEN;KOÇYİĞİT
HACI;KÖKSAL
EMRE;BARATALI
ÖZGÜR;YORGANCI
OSMAN;DEMİR
ÇETİN;ORAK
SONGÜL;UZUN
MUSTAFA;KÖKSAL
ÖZLEM;SÖNMEZ
ZAFER;YILMAZ
FATİH;KILIÇ
MAKBULE;BAYRAK
FATMA;TOKATLIOĞLU
TUĞBA;ŞAHİNER
OSMAN;YERLİKAYA
SİNEM;EMİRLİOĞLU
ANIL;GÖKÇE
KEMAL;BİÇER
EREN;USUL
BİLAL;TURAÇ
İBRAHİM;GÜVEN
ATILGAN;ARIK
BERNA;GÜNDÜZ
SERAP;GÜLTEKİN
BEKİR;TUNÇ
EYÜP;ÖZKAN
EGEMEN;ÜNAL
ALİ;KANNECİ
YÜCEL;TEOMAN
TANER;BAKLACI
VAHDETTİN;BARAN
TOLGAHAN;SEVİMLİ
MUKADDER;SÖYLER
ENGİN;SARIKAYA
SERTAÇ;KONURALP
CİHAN;DÖNERTAŞ
PINAR;GÖKÇEN
AYŞE;KARATAŞ
UĞURAY;BAŞARGAN
MUSTAFA;KAHRAMAN
EDA;TOKAT
ELİF;AYDIN
TAYLAN;GÜNDÜZ
ABİDİN;BARAN
BULUT;DEMİREL
CUNDULLAH;ÇAVLI
ADNAN;ATAK
ERSİN;BÖCÜ
ERHAN;CÖMERT
OĞUZ;ÖREN
HAYRİ;YILDIRIM
NURİ;ŞENGÜLEROĞLU
SELMA;AKKAYA
ESİN;İLHAN
YAKUP;YAYIKÇI
AHMET;KOR
ABDULLATİF;ŞİRİN
FATİH;KURT
ÖZLEM;AKDEMİR
İNANÇ;YAŞAR
HALİL;DURUK
ÖZGE;ŞAHİN
HASAN;AVŞAR
PINAR;ÖZASLAN
AYŞE;HÜSEYİNOĞLU
AYŞE;BOZKURT
HALİL;KÜÇÜKYILDIZ
CEM;MENEKŞE
SEDA;TÜRE
UMUT;OFLAZOĞLU
VOLKAN;AZAP
EMRAH;ZAİM
NAGİHAN;DURAN
HÜSEYİN;AYDUĞAN
MEHMET;KOTTAŞ
MİNE;BACAK
GİZEM;AVCI
ÖMER;AYCAN
TUĞBA;ÖZCAN
MERVE;ŞAHİN
YÜCE;1
AYŞE;1
AHMET;TOPÇU
MERVE;KARLI
EMRE;ÖZDEMİR
ERDİNÇ;EKEN
NİLAY;KURT
BUŞRA;GÜRPINAR
ZÜHAL;CÖMERT
CAFER;AK
İLKER;KAÇER
TURAN;KANDEMİR
RECEP;AYDIN
EBRU;ONRAT
ÖMER;ELÇİÇEK
MEHMET;YAKAR
HİLAL;ADIGÜZEL
NURHAN;ÖNDER
YASEMİN;TEHLİ
NAGİHAN;OSMANCA
ALİ;USLUBAŞ
PINAR;GÖRÜNMEZ
GİZEM;DAĞ
UYGAR;OLGEN
SEFA;ATEŞ
NURULLAH;ÜZÜM
GİZEM;ÖZCANLI
SEVAL;ŞEKERLER
ŞERİF;BAKLACI
BERFU;ÇINKIT
SEMİH;BAŞCI
SIDDIKA;KESGİN
TUĞBA;GÖDE
İRFAN;ŞENTÜRK
FAHRİ;BİLGİÇ
CANSU;ÇETİN
PETEK;ŞARLAK
ELİF;KERİMOĞLU
CEM;SELİM
EMRAH;YILDIZOĞLU
BÜŞRA;BULUÇ
NAFİZ;DEDE
ŞEYMA;YAVUZ
EKREM;KÖROĞLU
YASEMİN;KOCUBEYOĞLU
AYŞE;KARALAR
ÇAĞRI;ERDOĞAN
MEHMET;ÇOPUR
ÖMER;EYİSOY
REYHAN;ÜSTÜNDAĞ
HÜSEYİN;KILAVUZ
ÖZGE;YÜCEL
DERYA;ÖKTEM
MUSTAFA;YAŞAN
ESMA;USLU
ÖZLEM;BOZOĞLU
GÖZDE;GÜLTEKİN
SELİM;KOCASARAÇ
EMİNE;DURAN
ÇİĞDEM;ALĞAN
ŞERİFE;ERDAL
NEFİSE;KAYKA
TAYFUN;BACAKSIZ
PELİN;ÜNALAN
ÖZGE;CAN
KADER;ZEYBEK
BELGİN;KILIÇ
ABDULAZİZ;TEMİZ
EMEL;KARAKAŞ
NUR;OĞUZ
BURCU;AYIK
CEYDA;ETLEÇ
VEHBİ;PEHLİVAN
RAHİME;COŞAR
ALİ;KAHYA
DENİZ;ÇETİN
MUHAMMED;ATALAY
EMRE;YALÇIN
HASAN;UFACIK
ÜBEYDULLAH;DURMAZ
EYÜP;TURMUŞ
KÜBRA;ÇİLESİZ
İTİBAR;CANPOLAT
MUSTAFA;ÖZDEMİR
TUBA;KORUCU
NURDAN;ÇOBAN
HATİCE;TUNCER
BÜŞRA;YALÇIN
ZEHRA;GÖKTAŞ
CANAN;DEMİRDAĞ
OSMAN;KAYA
TUBA;POLAT
FARİS;GÖZCÜ
AYHAN;ÇELİK
TURĞUT;BOZAN
ONUR;KAYA
MERVE;İNANMAZ
HİDAYET;AKSÖZ
TUBA;KURT
ABDULKERİM;BAŞARAN
MUHAMMED;DEMİRTAŞ
DİLEK;TUNÇ
ARDA;YAŞİT
FAİK;ÇELİK
HALİL;ÖZDEMİR
HASAN;GÜMÜŞÇÜ
SEMA;GÖKKOCA
MUSA;DEMİRKAPI
AYŞEGÜL;KARACA
BÜŞRA;ÇEVİRGEN
ZEYNEP;DÜNDAR
METİN;KARAGÖZ
CİHAN;ŞAHAN
MERAL;ELÇİ
HİLAL;ATİLA
DİDEM;ALBOĞA
İSMAİL;AKTAŞ
HASAN;ASIG
MEHMET;AKKAN
FATİH;AYDIN
CEM;ATEŞ
YUSUF;ATABAY
HÜSEYİN;BALTA
TUBA;AYDIN
TAYFUN;BÖRTA
MUSTAFA;BOĞAN
HASAN;BAYAR
RUKİYE;DEMİR
MEHMET;DAL
ESRA;ÇÖREKLİ
HASAN;HALICI
MUSTAFA;GÖKTEPE
EYÜP;KOLUŞ
MURAT;KAYA
İBRAHİM;İNANÇ
SEDAT;ÖZDEMİR
MEHMET;ORMAN
HÜSEYİN;NACAR
MURAT;SADIÇ
HACI;POLAT
AYŞE;ÖZKANLI
FAİK;ÖZEL
RAMAZAN;ŞENCAN
MEHMET;ŞAŞMAZ
SAVAŞ;SALDIRAY
AYHAN;ŞAHİN
NAİME;SULTANOĞLU
RIFAT;SOMAY
MURAT;POLAT
FİKRİ;ŞİRİN
HASAN;URUÇ
YURDAGÜL;TOLU
MUHAMMET;SÜVERAN
ERCAN;SÜMER
TUĞBA;YILMAZ
MEHTAP;YILDIZ
HAMİT;YILDIZ
FERİT;YETKİNŞEKERCİ
DENİZ;BAYRAM
MUSTAFA;SOYTAŞ
ŞAHİKA;BOLSOY
SERDAR;BİLİCİ
TAHSİN;AYDOĞAN
ONUR;ARPAT
MURAT;ALIŞIK
EMİNE;AKDEMİR
İLYAS;ŞAHİN
ECE;ONAT
MUSTAFA;KARAARSLAN
MURAT;GÖKTEN
AHMET;EVRAN
NİLGÜN;ERASLAN
MUSTAFA;DEVECİ
ERHAN;ARARAT
VEYSEL;AKANSEL
HAKAN;ULU
FATİH;TOY
BARIŞ;YILMAZ
ANDAÇ;DEVELİ
ŞENOL;DEMİRCAN
HASAN;BÜYÜKDOĞAN
KEMAL;GÜLEÇ
CEYHUN;ERDEM
ABDÜLSAMET;EMET
İBRAHİM;İLERİ
AHMET;İLBAY
SERPİL;IŞIK
ÜMMÜGÜLSÜM;GÜNEŞ
YAVUZ;GÜNDOĞDU
SÜHEYLA;GÜLENAY
ÖZGE;NADASTEPE
TUBA;ÜLKEVAN
MERT;ŞİMŞEK
ÖZGÜR;SEĞMEN
MELİHA;ÖZKAN
BETÜL;ÖZDİL
ABDULLAH;MERT
SİNAN;MERSİN
GÜNDEM;KIRLANGIÇ
KEZİBAN;KENDİRLİ
DERYA;KARNAS
OĞUZ;KARCIOĞLU
BEDRİ;KARAİSMAİLOĞLU
MEHMET;KARAHAN
EMRE;KARADENİZ
ÜMİT;KAN
HALİL;İNCE
ÖZGE;YANIK
HAZEL;YAĞCIZEYBEK
FATMA;TUNCER
MUSTAFA;TOŞUR
AHMET;ŞAHİN
HİKMET;SÖNMEZ
EMİN;SOYER
YİĞİT;SEZER
ABDULSAMET;SANDAL
PINAR;ÖZDEMİR
MUSACİDE;ORDULU
BURAK;OMAY
TUĞÇE;KÜTÜK
MAHMUT;KOYUNCU
ELİF;KORKMAZ
EKİN;KIRCALI
ASLIHAN;KARAAĞAÇ
İSMAİL;KABAKUŞ
UFUK;İLGEN
MEHMET;GÖRDÜK
BİLGE;GÖKTAŞ
ELİF;EVREN
ERKAN;ERTAŞ
İREM;ELDEM
BÜŞRA;DOĞAN
MUSTAFA;DİRİCAN
AYBEGÜM;DEMİRTÜRK
NEFİSE;DEMİR
ZEKERİYA;ÇELEN
AHMETCAN;ÇAĞLAR
ABDURRAHMAN;BAŞAR
ZEYNEP;BAŞ
FATİH;BARÇA
ÇAĞDAŞ;BALCI
UĞURAY;AYDOS
SARE;İLBAY
ONUR;BOBUŞOĞLU
SERAP;KIRLI
MURAT;AÇAR
EMİNE;BÖYÜK
MUSTAFA;YURTDAŞ
BAHADIR;YILDIZ
ZEYNEP;YEGİN
GÖZDE;YAKKAN
BURAK;ULAŞ
MEHMET;TUNÇ
MUHAMMED;TOPER
İSMAİL;TEKİN
SAYGIN;ŞAHİN
GÖKHAN;ŞAHİN
ALPER;SAYİNER
ÇAĞLAR;SARIGÜL
CEMAL;ÖZSAYGILI
HÜSEYİN;ÖZDEMİR
CEMRE;KOLSUZ
MELTEM;KIRLI
CEYHUN;KILINÇ
ASLI;KEŞKEK
İBRAHİM;KEKLİKÇİOĞLU
GÖZDEM;KAYKI
HİLAYDA;KARAKÖK
HASRET;KACEMER
ŞEBNEM;İŞGÖREN
ONUR;İNCE
CAN;ILGIN
AYŞEGÜL;HİÇDURMAZ
EMİNE;GÜVERCİN
PELİN;ESMERAY
ARMAN;ERKAN
MERVE;EREL
GAMZE;EMLEK
ALİŞAN;DAYLAK
ERDEM;ÇOMUT
ENES;ÇELİK
ORGÜL;BOZKURT
BAŞAK;BOSTANKOLU
HASAN;BAHÇECİ
ŞADİYE;BAĞ
CEREN;ALPARSLAN
ELİFCAN;ALADAĞ
SEVAL;AKDEMİR
GÖKÇEN;AKÇAYIR
ÖMER;AKÇAY
ALİ;ZUBAROĞLU
MUSTAFA;YILMAZ
KÜBRA;YILMAZ
HACI;YETER
GÖKHAN;YARDIMCI
MERİÇ;ÜNVER
İREM;TÜRKYILMAZ
MAHMUT;TUTAR
MURAT;TEPE
SÜLEYMAN;TAŞCI
NİHAN;ŞAHİN
HANİFE;SUSAM
ŞULE;SÖZEN
ERTAN;SİPAHİ
MUHAMMED;SAVRAN
ÇAĞDAŞ;SAVRAN
ALİ;POTA
YUSUF;POLAT
HATUN;ÖZTÜRK
İBRAHİM;ÖZDEMİR
MEHMET;ÖZBEY
MEHMET;OKÇU
ERTAN;NURLU
SÜMEYRA;KURT
FATMA;KILINÇ
RAMAZAN;KILIÇ
MEHMET;KAPLAN
BERKAN;KAPLAN
DAVUT;KAMACI
YAVUZ;KAHRAMAN
İBRAHİM;İNAN
OKAN;GÜNAYDIN
MEHMET;EZER
MERT;EŞME
EMRAH;ERSOY
BURAK;ELMAAĞAÇ
ALAADDİN;DADLI
İDRİS;ÇERİK
KÜBRA;COŞKUN
AYŞEGÜL;COŞKUN
MERVE;BÜYÜKPASTIRMACI
SUNA;BÜRKÜK
ELZEM;BOLKAN
ABDURRAHMAN;BAYHAN
BURAK;BAHADIR
MİHRİMAH;BAĞCI
RABİA;BAĞ
MERİÇ;AYKOL
DERYA;AYDIN
SERKAN;ASİL
CEYDA;ARSLANOĞLU
AYŞENUR;ARSLAN
MEHMET;ALAN
TUĞBA;AKKOYUN
SERHAT;KİRAZ
BAYRAM;BÜYÜKBULUT
MEHMED;IŞIK
DAMLA;CENGİZ
MUSTAFA;GÜNEŞ
VEYSEL;GÖK
AHMET;ALTAŞ
GÖKHAN;KÖKSAL
ABDULSELAM;TANRİVERDİ
MEHMET;YILMAZ
HÜSEYİN;BERTAN
BİLAL;BAK
YAKUP;IŞIK
GÜLLÜ;ÖZER
VEHBİ;DEMİRCAN
DİLAN;ÖZAYDIN
ÖMER;SELVİOĞLU
EMRE;BİLGİÇ
MEVLÜT;KOÇ
NEBİL;ARSLAN
SIDIKA;BAZİKİ
FATMA;KÜÇÜKÖZKAN
MARUF;SÜRÜCÜ
FIRAT;UYKUR
EBRU;SUMAN
MAHMUT;KAYA
PINAR;TACİR
ALİ;ATEŞ
OSMAN;TANRIKULU
HİLAL;ÖZGÜNER
NİLGÜN;KULA
BARIŞ;ERDOĞAN
ERKAN;GEZİCİ
CİHAN;ANIK
ÖMER;NART
BEGÜM;BAKLALI
SÜLEYMAN;MAĞATUR
ÖMER;DİNLER
ELİF;ŞİMŞEK
MEHMET;GENÇER
HAKAN;ŞAHİN
AHMET;VARICI
BİŞAR;SEZGİN
MUSTAFA;KINIK
NUR;PAKSOY
SERKAN;KALKAN
ELİF;ÖZTÜRK
HALİL;DAYANGAÇ
EMİNE;KAZAN
FATİH;KOZANOĞLU
EREN;ZİLELİGİL
AYTAÇ;TAŞCI
ENGİN;DEMİR
YURDAGÜL;SAĞIR
FULYA;BAŞKAK
YASEMİN;ÇELİK
ETHEM;TOPTAŞ
YASİN;AKPINAR
METİN;KIZILDAĞ
ELİF;KÖSEOĞLU
FERAT;ELİK
YUSUF;DEMİR
CİHAN;ALBAYRAK
MUHAMMED;YALÇİN
GÜLŞEN;ÖZTAŞ
ABDULMELİK;DENİZ
MERVE;YILDIZ
ALİ;ŞAHİNER
YASEMİN;ÇETER
MUHAMMET;NACAROĞLU
YUSUF;DENİZ
ERDAL;KAVMAZ
MURAT;YILDIRIM
MERVE;ERKAN
RAMAZAN;ATEŞ
GÜL;BOZAN
BEGÜM;BAŞYİĞİT
ORHAN;1
HASAN;KELEŞ
SEMA;ERDOĞMUŞ
GÜNEŞ;ÇAKMAK
BEYZA;BİLAL
FIRAT;SUNGAR
YİĞİT;KILIÇ
MUHSİN;ELÇİ
HAMZA;KOCAMAN
SABAHATTİN;TAŞKIRAN
EMİN;KUTLAR
AHMET;ÇİFTCİ
NAZLI;CANDEMİR
MEHMET;AYKUŞ
GÖKSEL;ÇELEBİ
BAŞAK;YILMAZ
HASAN;BAŞ
GÖKHAN;YAĞLI
MUHAMMED;SELÇUK
ENGİN;GEZİCİ
EBRU;KURT
METANET;BADEM
EZGİ;BERKAY
NESLİHAN;ÖZTÜRK
İLYAS;DÜNDAR
SERKAN;AKAN
MEHMET;SAKALLI
MUSTAFA;GÜL
MEHMET;TEVDİK
CİHAN;BULUT
MURAT;SARIÇİÇEK
KASIM;DURMAN
RAHİME;GÖRMÜŞ
OZAN;HAŞİMOĞLU
ÖZKAN;KILINÇ
ZAFER;POLAT
SENAN;ARSLAN
BEDREDDİN;KALYENCİ
MURAT;TURANOĞLU
ZEYNALABİDİN;ORHAN
CAHİT;YILMAZ
DENİZ;KUŞ
MEHMET;SERİN
ESRA;KESER
TUNCAY;ŞAHİN
HÜSEYİN;YÜZER
YİĞİT;ÖZCANOĞLU
BÜNYAMİN;DERE
RAHMİ;TEKİN
NEZİR;YEŞİLFİDAN
YUSUF;SARAÇ
SERDAR;GÜVEREN
RUKİYE;KIVRAK
HACI;ERDAĞ
ÇAĞLA;SEVEN
ÜMİT;GÜL
MEHMET;YILDIZ
NAZIM;AYDEMİR
HATİCE;KAYA
SİDAR;SAATÇIOĞLU
MEHMET;GENÇTÜRK
ALİ;YALÇIN
YUNUS;AKSU
RECEP;MOLLA
EMRE;KOÇ
HALİL;ÇANKAYA
MURAT;ÇEVİK
SERKAN;YILDIZ
ALEV;İNCE
MÜŞERREF;KASAP
FATİH;YUMAK
AHMET;ÇETİNKAYA
ADNAN;KARADAŞ
HİSAR;KUTAN
ONUR;ÖZDENOĞLU
ALP;YILMAZ
MUSTAFA;KONUK
ÇİĞDEM;TURAN
SERKAN;AKIŞ
ELİF;KIZILMEŞE
HASAN;ÇANTAY
AHMET;CAMCI
BAKİ;DERHEM
SEDA;AHÇI
HANDAN;ÖZTÜRK
AYLİN;PEHLİVAN
NECMİYE;TEMEL
ÖZLEM;KIRAN
VOLKAN;KIZILTOPRAK
SERDAR;KAYIHAN
EBRU;DEMİR
ERTUNÇ;GÜNYEL
EMRE;ÖZANLAĞAN
PINAR;ŞERBETÇİ
MUHAMMED;SENEMTAŞI
SONGÜL;KÖSE
SÜMEYYE;KARADAĞ
MEVSİM;DEMİR
TUĞBERK;GÜÇLÜ
UĞUR;ÇİÇEK
AHMET;TATLI
EMRE;NOZOĞLU
YİĞİT;KARTAL
FATİH;BAYRAM
METE;ATEŞ
ESRA;YAPRAK
FERHAT;GENÇ
YELİZ;KOCABAŞ
SEVGÜL;MUTLU
CÜNEYT;AKYÜZ
SEYFULLAH;İŞTAR
HALİL;KILINÇ
FATMA;ERDEM
SERDAR;ARICI
YUNUS;OKUDAN
SEZAİ;TUNÇ
TAHİR;YILDIZ
VEYSİ;BARUT
YILDIRAY;KILIÇCIOĞLU
ELİF;ERTAN
SERHAT;YAVUZ
ÖMER;ÇELİK
ÖZGE;YÜKSEL
GÜLSÜM;GÜZEL
DENİZ;ÖZDEMİR
SELİN;KOÇAR
GÜL;TAŞLI
BİLGE;İSTEK
ŞEHMUS;TEMLİ
DİDEM;ARSLANKEÇECİOĞLU
MERVE;ŞENGÜL
EYYÜP;ÇETİNER
NAZLI;EROĞLU
HATİCE;DAĞDELEN
ABDULLAH;ÇETE
MURAT;DENİZ
HAYATİ;İSEN
MERVE;KARAMAHMUTOĞLU
FERAY;İZGİ
HASAN;DUYU
GAMZE;DEMİR
HASAN;BALABAN
RAMAZAN;YILDIZ
BETÜL;İLKER
NESLİHAN;ÖZKAN
MUSTAFA;GÜLSOY
AYTAÇ;DOĞAN
SENA;GEDİKLİ
ZÜHTÜ;AKGÜN
EMRE;KARAKAYA
OSMAN;TAŞ
BULUT;TOYRAN
ERSİN;İBİŞOĞLU
HALİL;DURAN
AHMET;TEKİNSOY
SELÇUK;YAPAR
NURMUHAMMET;TAŞ
YASİN;SÖYLEMEZ
ÖZGE;AVCI
ZEKİYE;ÜNLÜ
ERDEM;ZENGİN
DİLEK;MENEKŞE
ŞULE;ARICI
GÖKNUR;ŞAHİN
SALİHA;IŞIK
VELİT;SAVĞA
MUHAMMED;AKBAŞ
İBRAHİM;İLİK
TURGAY;YILDIZ
ENGİN;KELEŞ
HÜSEYİN;ÖZKAN
MESUT;DİNCER
LEYLA;TURGUT
TUBA;OĞUZSOY
MEHMET;AŞAN
SALMAN;IŞIK
ŞEYHMUS;UÇAR
ZEHRA;AKMAN
NURDAN;TEKER
CEBBAR;YILDIRIMÇAKAR
ÖMER;KESER
AHMET;ÇELİK
SİNAN;KARAKUŞ
ALPEREN;KISA
MEHMET;AKBAŞ
ABDULAZİZ;YALINKILIÇ
LEYLA;ÇİFTÇİ
FATMA;AYAZ
MÜNEVER;SADUNOĞLU
MÜRSELİN;GÜLER
EMRULLAH;KILINÇ
EDA;URAL
ÜMİT;GÜLTEKİN
BÜNYAMİN;KARACA
RIDVAN;KANSU
ADEM;YAĞAN
ORHAN;BÜDÜN
EMİNE;DEMİR
KEMAL;YÜCE
FATMA;ÖZDEMİR
ALİ;YÜKSEL
MEHMET;ÖTER
MUSTAFA;KAHRAMAN
NEVZAT;DUMAN
OSMAN;KOPAN
ONUR;KARAASLAN
MUSTAFA;KAHREMAN
MEHTAP;AVCI
MURAT;KURUL
MUSA;BÜYÜK
FİLİZ;SAĞLAM
HALENUR;SANSARCI
KEZİBAN;AKKAN
EFRUZ;PİRDOĞAN
EMİN;RENÇBER
FATİH;DAĞDELEN
ÜNAL;SÜLÜK
VOLKAN;KÖSE
BAYRAM;YILMAZ